use case_study_4;
-- insert roles
INSERT INTO `case_study_4`.`roles` (`id`, `name`) 
VALUES 
	('1', 'ROLE_ADMIN'),
	('2', 'ROLE_MANAGER'),
	('3', 'ROLE_WAITER'),
	('4', 'ROLE_CASHIER'),
	('5', 'ROLE_CUSTOMER');

-- insert accounts
INSERT INTO `case_study_4`.`accounts` (`id`, `password`, `username`) 
VALUES 
	('1', '$2a$10$uoXYMVx2odur8autcDckceaWqrKR7GPMCayp2.Ta7G.F8S.peE1sS', 'admin'),
	('2', '$2a$10$9o421SGBjLwZz9ocsbF3w.cwMuWre4erOQUwGC4M67.O8NV8L6EzK', 'hung@gmail.com'),
	('3', '$2a$10$9o421SGBjLwZz9ocsbF3w.cwMuWre4erOQUwGC4M67.O8NV8L6EzK', 'minh@gmail.com'),
	('4', '$2a$10$9o421SGBjLwZz9ocsbF3w.cwMuWre4erOQUwGC4M67.O8NV8L6EzK', 'hau@gmail.com'),
	('5', '$2a$10$9o421SGBjLwZz9ocsbF3w.cwMuWre4erOQUwGC4M67.O8NV8L6EzK', 'hanhngu@gmail.com'),
	('6', '$2a$10$9o421SGBjLwZz9ocsbF3w.cwMuWre4erOQUwGC4M67.O8NV8L6EzK', 'nhat@gmail.com'),
	('7', '$2a$10$9o421SGBjLwZz9ocsbF3w.cwMuWre4erOQUwGC4M67.O8NV8L6EzK', 'thien@gmail.com'),
	('8', '$2a$10$9o421SGBjLwZz9ocsbF3w.cwMuWre4erOQUwGC4M67.O8NV8L6EzK', 'lien@gmail.com'),
	('9', '$2a$10$9o421SGBjLwZz9ocsbF3w.cwMuWre4erOQUwGC4M67.O8NV8L6EzK', 'thang@gmail.com'),
	('10', '$2a$10$9o421SGBjLwZz9ocsbF3w.cwMuWre4erOQUwGC4M67.O8NV8L6EzK', 'long@gmail.com'),
	('11', '$2a$10$9o421SGBjLwZz9ocsbF3w.cwMuWre4erOQUwGC4M67.O8NV8L6EzK', 'trung@gmail.com'),
	('12', '$2a$10$9o421SGBjLwZz9ocsbF3w.cwMuWre4erOQUwGC4M67.O8NV8L6EzK', 'quy@gmail.com'),
	('13', '$2a$10$9o421SGBjLwZz9ocsbF3w.cwMuWre4erOQUwGC4M67.O8NV8L6EzK', 'hthien@gmail.com'),
	('14', '$2a$10$9o421SGBjLwZz9ocsbF3w.cwMuWre4erOQUwGC4M67.O8NV8L6EzK', 'tien@gmail.com'),
	('15', '$2a$10$9o421SGBjLwZz9ocsbF3w.cwMuWre4erOQUwGC4M67.O8NV8L6EzK', 'sangmail.com'),
	('16', '$2a$10$9o421SGBjLwZz9ocsbF3w.cwMuWre4erOQUwGC4M67.O8NV8L6EzK', 'huy@gmail.com'),
	('17', '$2a$10$9o421SGBjLwZz9ocsbF3w.cwMuWre4erOQUwGC4M67.O8NV8L6EzK', 'thoi@gmail.com'),
	('18', '$2a$10$9o421SGBjLwZz9ocsbF3w.cwMuWre4erOQUwGC4M67.O8NV8L6EzK', 'hai@gmail.com'),
	('19', '$2a$10$9o421SGBjLwZz9ocsbF3w.cwMuWre4erOQUwGC4M67.O8NV8L6EzK', 'phuong@gmail.com'),
	('20', '$2a$10$9o421SGBjLwZz9ocsbF3w.cwMuWre4erOQUwGC4M67.O8NV8L6EzK', 'ha@gmail.com'),
	('21', '$2a$10$9o421SGBjLwZz9ocsbF3w.cwMuWre4erOQUwGC4M67.O8NV8L6EzK', 'chanh@gmail.com'),
	('22', '$2a$10$9o421SGBjLwZz9ocsbF3w.cwMuWre4erOQUwGC4M67.O8NV8L6EzK', 'cong@gmail.com'),
	('23', '$2a$10$9o421SGBjLwZz9ocsbF3w.cwMuWre4erOQUwGC4M67.O8NV8L6EzK', 'chau@gmail.com'),
	('24', '$2a$10$9o421SGBjLwZz9ocsbF3w.cwMuWre4erOQUwGC4M67.O8NV8L6EzK', 'hhai@gmail.com'),
	('25', '$2a$10$9o421SGBjLwZz9ocsbF3w.cwMuWre4erOQUwGC4M67.O8NV8L6EzK', 'linh@gmail.com'),
	('26', '$2a$10$9o421SGBjLwZz9ocsbF3w.cwMuWre4erOQUwGC4M67.O8NV8L6EzK', 'nam@gmail.com'),
	('27', '$2a$10$9o421SGBjLwZz9ocsbF3w.cwMuWre4erOQUwGC4M67.O8NV8L6EzK', 'duy@gamail.com'),
	('28', '$2a$10$9o421SGBjLwZz9ocsbF3w.cwMuWre4erOQUwGC4M67.O8NV8L6EzK', 'sonht@gmail.com'),
	('29', '$2a$10$9o421SGBjLwZz9ocsbF3w.cwMuWre4erOQUwGC4M67.O8NV8L6EzK', 'tuantd@gmail.com'),
	('30', '$2a$10$9o421SGBjLwZz9ocsbF3w.cwMuWre4erOQUwGC4M67.O8NV8L6EzK', 'xuyentt@gmail.com'),
	('31', '$2a$10$9o421SGBjLwZz9ocsbF3w.cwMuWre4erOQUwGC4M67.O8NV8L6EzK', 'tambt@gmail.com'),
	('32', '$2a$10$9o421SGBjLwZz9ocsbF3w.cwMuWre4erOQUwGC4M67.O8NV8L6EzK', 'thongvv@gmail.com'),
	('33', '$2a$10$9o421SGBjLwZz9ocsbF3w.cwMuWre4erOQUwGC4M67.O8NV8L6EzK', 'quangbt@gmail.com'),
	('34', '$2a$10$9o421SGBjLwZz9ocsbF3w.cwMuWre4erOQUwGC4M67.O8NV8L6EzK', 'tiennh@gmail.com'),
	('35', '$2a$10$9o421SGBjLwZz9ocsbF3w.cwMuWre4erOQUwGC4M67.O8NV8L6EzK', 'hiennt@gmail.com'),
	('36', '$2a$10$9o421SGBjLwZz9ocsbF3w.cwMuWre4erOQUwGC4M67.O8NV8L6EzK', 'hamh@gmail.com'),
	('37', '$2a$10$9o421SGBjLwZz9ocsbF3w.cwMuWre4erOQUwGC4M67.O8NV8L6EzK', 'duyhv@gmail.com'),
	('38', '$2a$10$9o421SGBjLwZz9ocsbF3w.cwMuWre4erOQUwGC4M67.O8NV8L6EzK', 'anhvd@gmail.com'),
	('39', '$2a$10$9o421SGBjLwZz9ocsbF3w.cwMuWre4erOQUwGC4M67.O8NV8L6EzK', 'totv@gmail.com'),
	('40', '$2a$10$9o421SGBjLwZz9ocsbF3w.cwMuWre4erOQUwGC4M67.O8NV8L6EzK', 'thiennc@gmail.com'),
	('41', '$2a$10$9o421SGBjLwZz9ocsbF3w.cwMuWre4erOQUwGC4M67.O8NV8L6EzK', 'dungnm@gmail.com'),
	('42', '$2a$10$9o421SGBjLwZz9ocsbF3w.cwMuWre4erOQUwGC4M67.O8NV8L6EzK', 'khanhld@gmail.com'),
	('43', '$2a$10$9o421SGBjLwZz9ocsbF3w.cwMuWre4erOQUwGC4M67.O8NV8L6EzK', 'dungnn@gmail.com'),
	('44', '$2a$10$9o421SGBjLwZz9ocsbF3w.cwMuWre4erOQUwGC4M67.O8NV8L6EzK', 'hoangtc@gmail.com'),
	('45', '$2a$10$9o421SGBjLwZz9ocsbF3w.cwMuWre4erOQUwGC4M67.O8NV8L6EzK', 'chaulh@gmail.com'),
	('46', '$2a$10$9o421SGBjLwZz9ocsbF3w.cwMuWre4erOQUwGC4M67.O8NV8L6EzK', 'mainh@gmail.com'),
	('47', '$2a$10$9o421SGBjLwZz9ocsbF3w.cwMuWre4erOQUwGC4M67.O8NV8L6EzK', 'anhbt@gmail.com'),
	('48', '$2a$10$9o421SGBjLwZz9ocsbF3w.cwMuWre4erOQUwGC4M67.O8NV8L6EzK', 'linhntt@gmail.com'),
	('49', '$2a$10$9o421SGBjLwZz9ocsbF3w.cwMuWre4erOQUwGC4M67.O8NV8L6EzK', 'tudv@gmail.com'),
	('50', '$2a$10$9o421SGBjLwZz9ocsbF3w.cwMuWre4erOQUwGC4M67.O8NV8L6EzK', 'giangdb@gmail.com'),
	('51', '$2a$10$9o421SGBjLwZz9ocsbF3w.cwMuWre4erOQUwGC4M67.O8NV8L6EzK', 'datnt@gmail.com'),
	('52', '$2a$10$9o421SGBjLwZz9ocsbF3w.cwMuWre4erOQUwGC4M67.O8NV8L6EzK', 'trungndn@gmail.com'),
	('53', '$2a$10$9o421SGBjLwZz9ocsbF3w.cwMuWre4erOQUwGC4M67.O8NV8L6EzK', 'khaintm@gmail.com'),
	('54', '$2a$10$9o421SGBjLwZz9ocsbF3w.cwMuWre4erOQUwGC4M67.O8NV8L6EzK', 'hailt@gmail.com'),
	('55', '$2a$10$9o421SGBjLwZz9ocsbF3w.cwMuWre4erOQUwGC4M67.O8NV8L6EzK', 'trungnk@gmail.com'),
	('56', '$2a$10$9o421SGBjLwZz9ocsbF3w.cwMuWre4erOQUwGC4M67.O8NV8L6EzK', 'khapm@gmail.com'),
	('57', '$2a$10$9o421SGBjLwZz9ocsbF3w.cwMuWre4erOQUwGC4M67.O8NV8L6EzK', 'duongvt@gmail.com'),
	('58', '$2a$10$9o421SGBjLwZz9ocsbF3w.cwMuWre4erOQUwGC4M67.O8NV8L6EzK', 'binhct@gmail.com'),
	('59', '$2a$10$9o421SGBjLwZz9ocsbF3w.cwMuWre4erOQUwGC4M67.O8NV8L6EzK', 'diendh@gmail.com'),
	('60', '$2a$10$9o421SGBjLwZz9ocsbF3w.cwMuWre4erOQUwGC4M67.O8NV8L6EzK', 'dinhlh@gmail.com'),
	('61', '$2a$10$9o421SGBjLwZz9ocsbF3w.cwMuWre4erOQUwGC4M67.O8NV8L6EzK', 'nghianh@gmail.com'),
	('62', '$2a$10$9o421SGBjLwZz9ocsbF3w.cwMuWre4erOQUwGC4M67.O8NV8L6EzK', 'longva@gmail.com'),
	('63', '$2a$10$9o421SGBjLwZz9ocsbF3w.cwMuWre4erOQUwGC4M67.O8NV8L6EzK', 'hailn@gmail.com');

-- insert account_role
INSERT INTO `case_study_4`.`account_role` (`id`, `account_id`, `role_id`) 
VALUES 
	('1', '1', '1'),
	('2', '2', '2'),
	('3', '3', '3'),
	('4', '4', '3'),
	('5', '5', '4'),
	('6', '6', '3'),
	('7', '7', '3'),
	('8', '8', '4'),
	('9', '9', '3'),
	('10', '10', '3'),
	('11', '11', '3'),
	('12', '12', '3'),
	('13', '13', '3'),
	('14', '14', '3'),
	('15', '15', '3'),
	('16', '16', '3'),
	('17', '17', '3'),
	('18', '18', '3'),
	('19', '19', '3'),
	('20', '20', '3'),
	('21', '21', '2'),
	('22', '22', '3'),
	('23', '23', '3'),
	('24', '24', '3'),
	('25', '25', '3'),
	('26', '26', '3'),
	('27', '27', '3'),
	('28', '28', '5'),
	('29', '29', '5'),
	('30', '30', '5'),
	('31', '31', '5'),
	('32', '32', '5'),
	('33', '33', '5'),
	('34', '34', '5'),
	('35', '35', '5'),
	('36', '36', '5'),
	('37', '37', '5'),
	('38', '38', '5'),
	('39', '39', '5'),
	('40', '40', '5'),
	('41', '41', '5'),
	('42', '42', '5'),
	('43', '43', '5'),
	('44', '44', '5'),
	('45', '45', '5'),
	('46', '46', '5'),
	('47', '47', '5'),
	('48', '48', '5'),
	('49', '49', '5'),
	('50', '50', '5'),
	('51', '51', '5'),
	('52', '52', '5'),
	('53', '53', '5'),
	('54', '54', '5'),
	('55', '55', '5'),
	('56', '56', '5'),
	('57', '57', '5'),
	('58', '58', '5'),
	('59', '59', '5'),
	('60', '60', '5'),
	('61', '61', '5'),
	('62', '62', '5'),
	('63', '63', '5');

-- insert positions
INSERT INTO `case_study_4`.`positions` (`id`, `name`) 
VALUES 
	('1', 'Waiter'),
	('2', 'Sercurity'),
	('3', 'Manager'),
	('4', 'Bartender'),
	('5', 'Cashier');
    
-- insert employees
INSERT INTO `case_study_4`.`employees` (`id`, `address`, `date_of_birth`, `gender`, `id_card`, `is_deleted`, `name`, `phone_number`, `salary`, `account_id`, `position_id`) 
VALUES 
	('1', '18 Nguyễn Du, TP. Duy Xuyên, Quảng Nam', '1994-09-12', '1', '049208088993', 0, 'Huỳnh Lương Phước Hưng', '0987654321', '23000000', '2', '3'),
	('2', '32 Trần Đại Nghĩa, TP. Huế, Thừa Thiên Huế', '2002-09-13', '1', '046829888096', 0, 'Trương Văn Huệ Minh', '0909090909', '8000000', '3', '1'),
	('3', '24 Phan Đình Phùng, TP. Đông Hà, Quảng Trị', '2000-12-12', '1', '045909088890', 0, 'Hậu nguyễn', '0912345678', '15000000', '4', '4'),
	('4', '65 Nguyễn Văn Linh, TP. Đà Nẵng', '2001-10-18', '2', '048129988489', 0, 'Nguyễn Thị Mỹ Hạnh', '0976543210', '13000000', '5', '5'),
	('5', '124 Trường Chinh, TP. Quảng Trạch, Quảng Bình', '1995-10-07', '1', '044089888991', 0, 'Nguyễn Khánh Nhật', '0933333333', '9000000', '6', '1'),
	('6', '75 Trường Sa, TP. Đà Nẵng', '1995-08-24', '1', '048080288799', 0, 'Bùi Bảo Thiện', '0966666666', '9000000', '7', '1'),
	('7', '28 Lê Duẩn, TP. Đà Nẵng', '1998-08-09', '2', '048080288293', 0, 'Đoàn Thị Mỹ Liên', '0945454545', '16000000', '8', '5'),
	('8', '60 Lê Lợi, TP. Ba Đồn, Quảng Bình', '1997-08-08', '1', '044109088286', 0, 'Lê Quốc Thắng', '0922222222', '8000000', '9', '1'),
	('9', '114 Lý Thường Kiệt, TP. Hội An, Quảng Nam', '1999-02-23', '1', '049829888098', 0, 'Trương Nguyễn Đình Long', '0951515151', '9000000', '10', '1'),
	('10', '25 Hàm Nghi, TP. Đà Nẵng', '1998-05-04', '1', '048929988292', 0, 'Trần Văn Lâm', '0999999999', '6000000', null, '2'),
	('11', '37 Lê Lợi, TP. Huế, Thừa Thiên Huế', '1995-03-31', '1', '046089888894', 0, 'Nguyễn Đức Trung', '0988776655', '9000000', '11', '1'),
	('12', '74 Hoàng Hoa Thám, TP. Đà Nẵng', '1995-02-23', '1', '048829888094', 0, 'Nguyễn Phúc Quý', '0919191919', '9500000', '12', '1'),
	('13', '68 Trần Hưng Đạo, TP. Quảng Trị, Quảng Trị', '1999-02-23', '1', '045089888893', 0, 'Lê Công Hoàn Thiện', '0969696969', '9500000', '13', '1'),
	('14', '47 Lý Thường Kiệt, TP. Quảng Trạch, Quảng Bình', '2002-09-08', '1', '044829888094', 0, 'Phạm Nguyễn Ngọc Tiên', '0978787878', '15000000', '14', '4'),
	('15', '214 Trần Đại Nghĩa, TP. Đông Hà, Quảng Trị', '1994-09-12', '1', '045808088992', 0, 'Phan Quốc Sang', '0932323232', '9500000', '15', '1'),
	('16', '152 Phan Châu Trinh, TP. Đà Nẵng', '1999-09-13', '1', '048909088892', 0, 'Nguyễn Chính Đạt', '0941414141', '7000000', null, '2'),
	('17', '28 Lê Lợi, TP. Điện Bàn, Quảng Nam', '2000-12-12', '1', '049109088291', 0, 'Lê Quốc Huy', '0923232323', '8500000', '16', '1'),
	('18', '37 Nguyễn Chí Thanh, TP. Đà Nẵng', '2001-10-18', '1', '048808088994', 0, 'Lê Dân', '0952525252', '7500000', null, '2'),
	('19', '84 Phan Đình Phùng, TP. Huế, Thừa Thiên Huế', '1995-10-07', '1', '046289888390', 0, 'Nguyễn Đình Thôi', '0905050505', '8000000', '17', '1'),
	('20', '247 Trường Chinh, TP. Đông Hà, Quảng Trị', '1995-08-24', '1', '045208088990', 0, 'Bùi Hữu Hải', '0993939393', '9500000', '18', '1'),
	('21', '65 Trần Hưng Đạo, TP. Quảng Trạch, Quảng Bình', '1998-08-09', '1', '044208088998', 0, 'Nguyễn Ngọc Phương', '0984848484', '18000000', '19', '4'),
	('22', '75 Hồ Chí Minh, TP. Quảng Trị, Quảng Trị', '1997-08-08', '2', '045289888389', 0, 'Nguyễn Thị Hà', '0916161616', '9500000', '20', '1'),
	('23', '45 Hải Phòng, TP. Đà Nẵng', '1999-02-23', '1', '048829888097', 0, 'Nguyễn Văn Quang', '0962626262', '6000000', null, '2'),
	('24', '144 Phạm Văn Đồng, TP. Quảng Ninh, Quảng Bình', '1998-05-04', '1', '044808088991', 0, 'Trần Văn Chánh', '0974747474', '22000000', '21', '3'),
	('25', '58 Trần Hưng Đạo, TP. Hội An, Quảng Nam', '1995-03-31', '1', '049089888896', 0, 'Nguyễn Văn Công', '0948484848', '9000000', '22', '1'),
	('26', '69 Trần Phú, TP. Đà Nẵng', '1995-02-23', '1', '048208088992', 0, 'Bùi Ngọc Châu', '0929292929', '16000000', '23', '4'),
	('27', '213 Trường Chinh, TP. Huế, Thừa Thiên Huế', '1999-02-23', '1', '046208088991', 0, 'Phan Hữu Hải', '0956565656', '8500000', '24', '1'),
	('28', '18 Nguyễn Thái Học, TP. Quảng Ninh, Quảng Bình', '2002-09-08', '1', '044909088899', 0, 'Phạm Ngọc Linh', '0903131313', '16000000', '25', '4'),
	('29', '37 Trần Phú, TP. Quảng Trị, Quảng Trị', '1998-06-25', '1', '045829888095', 0, 'Nguyễn Đình Nam', '0997979797', '8500000', '26', '1'),
	('30', '25 Trường Chinh, TP. Quế Sơn, Quảng Nam', '1998-04-14', '1', '049129988494', 0, 'Đào Đức Duy', '0980808080', '9000000', '27', '1');

-- insert customer_type
INSERT INTO `case_study_4`.`customer_type` (`id`, `name`) 
VALUES 
	('1', 'Member'),
	('2', 'Silver'),
	('3', 'Gold'),
	('4', 'Diamond');
    
-- insert customers
INSERT INTO `case_study_4`.`customers` (`id`, `address`, `date_of_birth`, `is_deleted`, `email`, `gender`, `id_card`, `name`, `phone_number`, `account_id`, `customer_type_id`) 
VALUES 
('1', '23 Ngô Quyền, TP. Đà Nẵng', '1998-12-21', 0, 'sonht@gmail.com', 1, '048929988295', 'Hoàng Thái Sơn', '0911111111', '28', '3'),
('2', '53 Ngô Quyền, TP. Huế, Thừa Thiên Huế', '1992-11-21', 0, 'tuantd@gmail.com', 1, '046808088993', 'Trịnh Đình Tuấn', '0909393939', '29', '2'),
('3', '217 Nguyễn Thị Minh Khai, TP. Đà Nẵng', '1997-12-23', 0, 'xuyentt@gmail.com', 1, '048089888991', 'Trần Tứ Xuyên', '0965757575', '30', '2'),
('4', '53 Nguyễn Văn Cừ, TP. Huế, Thừa Thiên Huế', '1993-05-24', 0, 'tambt@gmail.com', 0, '046109088289', 'Bùi Thanh Tâm', '0959595959', '31', '1'),
('5', '76 Hùng Vương, TP. Đà Nẵng', '1998-11-26', 0, 'thongvv@gmail.com', 1, '048909088899', 'Vũ Văn Thông', '0991919191', '32', '1'),
('6', '90 Nguyễn Tất Thành, TP. Đà Nẵng', '1998-12-26', 0, 'quangbt@gmail.com', 1, '048089888895', 'Bùi Thanh Quang', '0967676767', '33', '4'),
('7', '56 Nguyễn Văn Cừ, TP. Quảng Trạch, Quảng Bình', '1998-05-30', 0, 'tiennh@gmail.com', 0, '044289888387', 'Nguyễn Hồng Tiên', '0907373737', '34', '1'),
('8', '28 Nguyễn Huệ, TP. Đà Nẵng', '1999-11-20', 0, 'hiennt@gmail.com', 0, '048109088290', 'Nguyễn Thị Hiền', '0972727272', '35', '2'),
('9', '38 Nguyễn Văn Cừ, TP. Đông Hà, Quảng Trị', '2000-01-22', 0, 'hamh@gmail.com', 1, '045109088288', 'Nguyễn Mạnh Hà', '0946464646', '36', '4'),
('10', '124 Nguyễn Thị Minh Khai, TP. Điện Bàn, Quảng Nam', '1998-04-04', 0, 'duyhv@gmail.com', 1, '049909088893', 'Hà Văn Duy', '0980808080', '37', '3'),
('11', '29 Trưng Nữ Vương, TP. Đà Nẵng', '2001-07-05', 0, 'anhvd@gmail.com', 1, '048289888391', 'Vũ Đức Anh', '0992929292', '38', '4'),
('12', '78 Nguyễn Văn Linh, TP. Tam Kỳ, Quảng Nam', '1994-12-11', 0, 'totv@gmail.com', 1, '049080288294', 'Trần Văn Tố', '0970707070', '39', '4'),
('13', '245 Điện Biên Phủ, TP. Đà Nẵng', '1998-12-22', 0, 'thiennc@gmail.com', 1, '048129988493', 'Nguyễn Chí Thiện', '0983838383', '40', '2'),
('14', '365 Hồ Chí Minh, TP. Huế, Thừa Thiên Huế', '1995-01-09', 0, 'dungnm@gmail.com', 1, '046129988492', 'Nguyễn Mạnh Dũng', '0928282828', '41', '2'),
('15', '20 Phan Đình Phùng, TP. Quảng Ninh, Quảng Bình', '2000-12-21', 0, 'khanhld@gmail.com', 1, '044129988489', 'Lê Duy Khánh', '0917171717', '42', '2'),
('16', '47 Trần Cao Vân, TP. Hội An, Quảng Nam', '1993-09-07', 0, 'dungnn@gmail.com', 0, '049929988296', 'Nguyễn Ngọc Dung', '0943434343', '43', '3'),
('17', '89 Ngô Quyền, TP. Quảng Trị, Quảng Trị', '1996-05-22', 0, 'hoangtc@gmail.com', 1, '045129988491', 'Trần Công Hoàng', '0925252525', '44', '1'),
('18', '24 Lý Thường Kiệt, TP. Huế, Thừa Thiên Huế', '1991-03-28', 0, 'chaulh@gmail.com', 0, '046929988294', 'Lê Hoàng Châu', '0964646464', '45', '4'),
('19', '23 Đống Đa, TP. Đà Nẵng', '1990-10-14', 0, 'mainh@gmail.com', 0, '048208088998', 'Nguyễn Hoàng Mai', '0914141414', '46', '3'),
('20', '28 Phan Châu Trinh, TP. Tam Kỳ, Quảng Nam', '1997-02-21', 0, 'anhbt@gmail.com', 1, '049808088995', 'Bùi Tuấn Anh', '0954545454', '47', '2'),
('21', '33 Lý Thái Tổ, TP. Đà Nẵng', '1991-08-23', 0, 'linhntt@gmail.com', 0, '048808088991', 'Nguyễn Thị Thùy Linh', '0971616161', '48', '4'),
('22', '56 Trần Hưng Đạo, TP. Huế, Thừa Thiên Huế', '1999-12-26', 0, 'tudv@gmail.com', 1, '046080288292', 'Dương Văn Tư', '0945454545', '49', '1'),
('23', '24 Nguyễn Du, TP. Đồng Hới, Quảng Bình', '1998-03-13', 0, 'giangdb@gmail.com', 1, '044080288799', 'Đỗ Bình Giang', '0927272727', '50', '2'),
('24', '08 Lê Lợi, TP. Đông Hà, Quảng Trị', '2000-05-29', 0, 'datnt@gmail.com', 1, '045080288291', 'Nguyễn Thành Đạt', '0953535353', '51', '3'),
('25', '98 Hồ Xuân Hương, TP. Đà Nẵng', '1996-12-17', 0, 'trungndn@gmail.com', 1, '048109088286', 'Nguyễn Đình Nhất Trung', '0901313131', '52', '1'),
('26', '24 Trần Cao Vân, TP. Đà Nẵng', '1996-09-06', 0, 'khaintm@gmail.com', 1, '048289888387', 'Nguyen Thi Minh Khai', '0995959595', '53', '1'),
('27', '75 Lý Thường Kiệt, TP. Quảng Trị, Quảng Trị', '2001-08-17', 0, 'hailt@gmail.com', 1, '045929988293', 'Lê Thanh Hải', '0982828282', '54', '3'),
('28', '09 Quang Trung, TP. Thăng Bình, Quảng Nam', '1993-05-09', 0, 'trungnk@gmail.com', 1, '049289888392', 'Nguyễn Khắc Trung', '0913131313', '55', '1'),
('29', '11 Trần Phú, TP. Huế, Thừa Thiên Huế', '2001-11-19', 0, 'khapm@gmail.com', 1, '046909088891', 'Phạm Minh Kha', '0969696969', '56', '1'),
('30', '43 Trần Quốc Hoàn, TP. Đồng Hới, Quảng Bình', '1989-07-07', 0, 'duongvt@gmail.com', 1, '044929988292', 'Vũ Thái Dương', '0976666666', '57', '1'),
('31', '58 Cách Mạng Tháng Tám, Quận 1, TP. Hồ Chí Minh', '2000-01-01', 0, 'binhct@gmail.com', 0, '079028081345', 'Chung Thanh Bình', '0976245862', '58', '4'),
('32', '25 Võ Văn Tần, Quận 3, TP. Hồ Chí Minh', '1997-12-05', 0, 'diendh@gmail.com', 1, '079008091236', 'Đào Huy Điền', '0935786942', '59', '4'),
('33', '76 Nguyễn Chí Thanh, Quận 5, TP. Hồ Chí Minh', '1997-09-23', 0, 'dinhlh@gmail.com', 1, '079028080987', 'Lê Hữu Đỉnh', '0905681545', '60', '1'),
('34', '13 Nguyễn Thị Minh Khai, Quận 3, TP. Hồ Chí Minh', '2000-10-03', 0, 'nghianh@gmail.com', 1, '079018082098', 'Nguyễn Hữu Nghĩa', '0762962558', '61', '4'),
('35', '90 Điện Biên Phủ, Quận Bình Thạnh, TP. Hồ Chí Minh', '1998-06-11', 0, 'longva@gmail.com', 1, '079008081349', 'Vũ Anh Long', '0781588556', '62', '3'),
('36', '118 Phạm Ngũ Lão, Quận 10, TP. Hồ Chí Minh', '1999-12-04', 0, 'hailn@gmail.com', 1, '079018080980', 'Lê Ngọc Hải', '0905364888', '63', '3');

-- insert table_status
INSERT INTO `case_study_4`.`table_status` (`id`, `name`) 
VALUES 
	('1', 'Using'),
	('2', 'Booked'),
	('3', 'Available');
    
-- insert table_type
INSERT INTO `case_study_4`.`table_type` (`id`, `name`) 
VALUES 
	('1', 'Vip'),
	('2', 'Medium'),
	('3', 'Normal');
    
-- insert table_bar
INSERT INTO `case_study_4`.`table_bar` (`id`, `is_deleted`, `name`, `table_status_id`, `table_type_id`) 
VALUES 
	('1', 0, 'V-101', '3', '1'),
	('2', 0, 'V-102', '3', '1'),
	('3', 0, 'V-103', '3', '1'),
	('4', 0, 'V-104', '3', '1'),
	('5', 0, 'V-105', '3', '1'),
	('6', 0, 'M-201', '3', '2'),
	('7', 0, 'M-202', '3', '2'),
	('8', 0, 'M-203', '3', '2'),
	('9', 0, 'M-204', '3', '2'),
	('10', 0, 'M-205', '3', '2'),
	('11', 0, 'N-301', '3', '3'),
	('12', 0, 'N-302', '3', '3'),
	('13', 0, 'N-304', '3', '3'),
	('14', 0, 'N-305', '3', '3'),
	('15', 0, 'N-306', '3', '3');

-- insert commodity_type
insert into `case_study_4`.commodity_type (id, name)
values
	(1,'Food'),
	(2,'Beverage'),
	(3,'Alcohol'),
    (4,'Coctail'),
	(5,'Others');
    
-- insert commodity_unit
insert into `case_study_4`.commodity_unit (id, name)
values
	(1,'Bottle'),
	(2,'Can'),
	(3,'Dish'),
	(4,'Package'),
	(5,'Portion'),
	(6,'Glass');

INSERT INTO `case_study_4`.commodities (is_deleted, is_stock, name, price, commodity_type_id, commodity_unit_id)
VALUES
	(0, 1, 'Heineken', 80000, 3, 1),
	(0, 1, 'Budweiser', 80000, 3, 1),
	(0, 1, 'Corona', 80000, 3, 1),
	(0, 1, 'Gin', 20000000, 3, 1),
	(0, 1, 'Rum', 5000000, 3, 1),
	(0, 1, 'Whisky', 50000000, 3, 1),
	(0, 1, 'Vodka', 10000000, 3, 1),
	(0, 1, 'Tequila', 3000000, 3, 1),
	(0, 1, 'Coca', 60000, 1, 2),
	(0, 1, 'Sprite', 60000, 1, 2),
	(0, 1, 'RedBull', 500000, 1, 2),
	(0, 1, 'Water', 40000, 3, 1),
	(0, 1, 'Bean', 50000, 1, 5),
	(0, 1, 'Fruit', 150000, 1, 5),
	(0, 1, 'Potato', 100000, 1, 5),
	(0, 1, 'Pizza', 200000, 1, 5),
	(0, 1, 'Salad', 150000, 1, 5),
	(0, 1, 'BBQ', 300000, 1, 5),
	(0, 1, 'Sausage', 120000, 1, 5),
	(0, 1, 'Dovetail', 130000,  1, 5),
	(0, 1, 'Martini', 180000, 4, 6),
	(0, 1, 'Mojito', 150000, 4, 6),
	(0, 1, 'Margarita', 200000, 4, 6),
	(0, 1, 'Daiquiri', 180000, 4, 6),
	(0, 1, 'Piña Colada', 180000, 4, 6),
    (0, 1, 'Cosmopolitan', 150000, 4, 6),
	(0, 1, 'Old Fashioned', 250000, 4, 6),
	(0, 1, 'Negroni', 150000, 4, 6),
	(0, 1, 'Manhattan', 150000, 4, 6),
	(0, 1, 'Mai Tai', 150000, 4, 6),
    (0, 1, 'Caipirinha', 180000, 4, 6),
	(0, 1, 'Long Island Iced Tea', 180000, 4, 6),
	(0, 1, 'Bloody Mary', 250000, 4, 6),
	(0, 1, 'Singapore Sling', 180000, 4, 6),
	(0, 1, 'Whiskey Sour', 250000, 4, 6),
    (0, 1, 'Tom Collins', 250000, 4, 6),
	(0, 1, 'White Russian', 250000, 4, 6),
	(0, 1, 'Bellini', 150000, 4, 6),
	(0, 1, 'Sex on the Beach', 180000, 4, 6),
	(0, 1, 'Espresso Martini', 150000, 4, 6);